{"cameraMode":{"drawMode":0,"name":"Shaded","section":"Shading Mode"},"sceneLighting":false,"audioPlay":false,"sceneViewState":{"showFog":true,"showMaterialUpdate":false,"showSkybox":true,"showFlares":true,"showImageEffects":true,"showParticleSystems":true},"in2DMode":false,"pivot":{"x":17.631275177001954,"y":8.945533752441407,"z":25.116594314575197},"rotation":{"x":-0.5622686147689819,"y":0.43688666820526125,"z":-0.5166043639183044,"w":-0.4755062162876129},"size":28.174053192138673,"orthographic":false}