{"cameraMode":{"drawMode":0,"name":"Shaded","section":"Shading Mode"},"sceneLighting":false,"audioPlay":false,"sceneViewState":{"showFog":true,"showMaterialUpdate":false,"showSkybox":false,"showFlares":true,"showImageEffects":true,"showParticleSystems":true},"in2DMode":false,"pivot":{"x":-0.14495348930358888,"y":1.0530500411987305,"z":0.5394573211669922},"rotation":{"x":0.07409674674272537,"y":-0.8538489937782288,"z":0.1266990453004837,"w":0.49939948320388796},"size":3.0563974380493166,"orthographic":false}