{"cameraMode":{"drawMode":0,"name":"Shaded","section":"Shading Mode"},"sceneLighting":false,"audioPlay":false,"sceneViewState":{"showFog":true,"showMaterialUpdate":false,"showSkybox":true,"showFlares":true,"showImageEffects":true,"showParticleSystems":true},"in2DMode":false,"pivot":{"x":985.9057006835938,"y":-13.913818359375,"z":914.9523315429688},"rotation":{"x":-0.3157964050769806,"y":0.009106824174523354,"z":-0.003029642626643181,"w":-0.948783814907074},"size":2029.16796875,"orthographic":false}