{"cameraMode":{"drawMode":0,"name":"Shaded","section":"Shading Mode"},"sceneLighting":true,"audioPlay":false,"sceneViewState":{"showFog":true,"showMaterialUpdate":false,"showSkybox":true,"showFlares":true,"showImageEffects":true,"showParticleSystems":true},"in2DMode":false,"pivot":{"x":-14.938380241394043,"y":-514.9615478515625,"z":317.9030456542969},"rotation":{"x":0.16676577925682069,"y":0.04050871357321739,"z":0.006857631728053093,"w":-0.9851447939872742},"size":356.9664306640625,"orthographic":false}