{"cameraMode":{"drawMode":0,"name":"Shaded","section":"Shading Mode"},"sceneLighting":true,"audioPlay":false,"sceneViewState":{"showFog":true,"showMaterialUpdate":false,"showSkybox":true,"showFlares":true,"showImageEffects":true,"showParticleSystems":true},"in2DMode":false,"pivot":{"x":15.300681114196778,"y":-912.3294677734375,"z":125.48687744140625},"rotation":{"x":-0.5447457432746887,"y":-0.02213648520410061,"z":0.014386354014277459,"w":-0.8381909728050232},"size":230.5772705078125,"orthographic":false}