{"cameraMode":{"drawMode":0,"name":"Shaded","section":"Shading Mode"},"sceneLighting":false,"audioPlay":false,"sceneViewState":{"showFog":true,"showMaterialUpdate":false,"showSkybox":true,"showFlares":true,"showImageEffects":true,"showParticleSystems":true},"in2DMode":false,"pivot":{"x":36.41934585571289,"y":-554.1416625976563,"z":118.00332641601563},"rotation":{"x":-0.03977533429861069,"y":0.8397712111473084,"z":-0.06209597736597061,"w":-0.5379102230072022},"size":292.52349853515627,"orthographic":false}