{"cameraMode":{"drawMode":0,"name":"Shaded","section":"Shading Mode"},"sceneLighting":true,"audioPlay":false,"sceneViewState":{"showFog":true,"showMaterialUpdate":false,"showSkybox":true,"showFlares":true,"showImageEffects":true,"showParticleSystems":true},"in2DMode":false,"pivot":{"x":-16.75153350830078,"y":-637.3221435546875,"z":-1.063321828842163},"rotation":{"x":-0.4404635429382324,"y":-0.1440768837928772,"z":0.07185161113739014,"w":-0.8832182288169861},"size":199.46510314941407,"orthographic":false}