{"cameraMode":{"drawMode":0,"name":"Shaded","section":"Shading Mode"},"sceneLighting":false,"audioPlay":false,"sceneViewState":{"showFog":true,"showMaterialUpdate":false,"showSkybox":true,"showFlares":true,"showImageEffects":true,"showParticleSystems":true},"in2DMode":false,"pivot":{"x":3.2517359256744386,"y":-633.9194946289063,"z":3.1746745109558107},"rotation":{"x":0.16403649747371674,"y":0.07926502823829651,"z":-0.013156523928046227,"w":0.9832196831703186},"size":1.7047085762023926,"orthographic":false}