{"cameraMode":{"drawMode":0,"name":"Shaded","section":"Shading Mode"},"sceneLighting":false,"audioPlay":false,"sceneViewState":{"showFog":true,"showMaterialUpdate":false,"showSkybox":true,"showFlares":true,"showImageEffects":true,"showParticleSystems":true},"in2DMode":false,"pivot":{"x":9.648717880249024,"y":-0.41342639923095705,"z":22.679006576538087},"rotation":{"x":-0.5398909449577332,"y":0.003027821658179164,"z":-0.001942355534993112,"w":-0.8417313694953919},"size":9.635883331298829,"orthographic":false}