{"cameraMode":{"drawMode":0,"name":"Shaded","section":"Shading Mode"},"sceneLighting":true,"audioPlay":false,"sceneViewState":{"showFog":true,"showMaterialUpdate":false,"showSkybox":true,"showFlares":true,"showImageEffects":true,"showParticleSystems":true},"in2DMode":false,"pivot":{"x":5.326478958129883,"y":-646.9182739257813,"z":2.781867027282715},"rotation":{"x":-0.6104661822319031,"y":-0.03276664763689041,"z":0.02528916485607624,"w":-0.7909607291221619},"size":20.22369956970215,"orthographic":false}